Timestamp,car-id,car-type,gate-name
2015-05-01 00:43:28,20154301124328-262,4,entrance3
2015-05-01 01:03:48,20154301124328-262,4,general-gate1
2015-05-01 01:06:24,20154301124328-262,4,ranger-stop2
2015-05-01 01:09:25,20154301124328-262,4,ranger-stop0
2015-05-01 01:12:36,20154301124328-262,4,general-gate2
2015-05-01 01:24:02,20154301124328-262,4,general-gate5
2015-05-01 01:31:41,20153101013141-937,1,entrance3
2015-05-01 01:33:57,20154301124328-262,4,entrance4
2015-05-01 01:53:34,20153101013141-937,1,general-gate1
2015-05-01 01:56:20,20153101013141-937,1,ranger-stop2
2015-05-01 01:59:36,20153101013141-937,1,ranger-stop0
2015-05-01 02:03:01,20153101013141-937,1,general-gate2
2015-05-01 02:15:17,20153101013141-937,1,general-gate5
2015-05-01 02:25:58,20153101013141-937,1,entrance4
2015-05-01 02:52:12,20155201025212-846,4,entrance1
2015-05-01 02:53:12,20155301025312-741,4,entrance3
2015-05-01 03:01:46,20150101030146-497,3,entrance4
2015-05-01 03:05:45,20155201025212-846,4,general-gate7
2015-05-01 03:13:05,20155201025212-846,4,general-gate4
2015-05-01 03:16:55,20155301025312-741,4,general-gate1
2015-05-01 03:19:56,20155301025312-741,4,ranger-stop2
2015-05-01 03:21:55,20150101030146-497,3,entrance2
2015-05-01 03:23:26,20155301025312-741,4,ranger-stop0
2015-05-01 03:24:45,20155201025212-846,4,general-gate1
2015-05-01 03:27:08,20155301025312-741,4,general-gate2
2015-05-01 03:27:29,20155201025212-846,4,ranger-stop2
2015-05-01 03:30:40,20155201025212-846,4,ranger-stop0
2015-05-01 03:34:01,20155201025212-846,4,general-gate2
2015-05-01 03:37:00,20153701033700-323,1,entrance3
2015-05-01 03:40:19,20154001034019-109,5,entrance3
2015-05-01 03:40:27,20155301025312-741,4,general-gate5
2015-05-01 03:52:03,20155301025312-741,4,entrance4
2015-05-01 03:52:51,20153701033700-323,1,general-gate7
2015-05-01 03:54:52,20155201025212-846,4,entrance2
2015-05-01 04:02:55,20154001034019-109,5,general-gate1
2015-05-01 04:05:47,20154001034019-109,5,ranger-stop2
2015-05-01 04:06:50,20153701033700-323,1,entrance1
2015-05-01 04:09:09,20154001034019-109,5,ranger-stop0
2015-05-01 04:12:40,20154001034019-109,5,general-gate2
2015-05-01 04:25:24,20154001034019-109,5,general-gate5
2015-05-01 04:36:27,20154001034019-109,5,entrance4
2015-05-01 05:29:58,20152901052958-57,1,entrance2
2015-05-01 05:42:01,20154201054201-550,2,entrance2
2015-05-01 05:49:32,20154901054932-304,3,entrance1
2015-05-01 05:50:55,20152901052958-57,1,camping6
2015-05-01 05:55:05,20154901054932-304,3,camping2
2015-05-01 05:55:10,20154901054932-304,3,camping2
2015-05-01 05:59:25,20154201054201-550,2,entrance4
2015-05-01 06:12:13,20154901054932-304,3,general-gate7
2015-05-01 06:17:19,20151701061719-611,1,entrance3
2015-05-01 06:26:25,20154901054932-304,3,entrance3
2015-05-01 06:34:02,20151701061719-611,1,general-gate7
2015-05-01 06:49:30,20151701061719-611,1,camping3
2015-05-01 06:49:37,20151701061719-611,1,camping3
2015-05-01 06:51:39,20155101065139-549,1,entrance4
2015-05-01 07:01:48,20155101065139-549,1,general-gate5
2015-05-01 07:04:57,20151701061719-611,1,general-gate7
2015-05-01 07:12:55,20151701061719-611,1,general-gate4
2015-05-01 07:13:31,20155101065139-549,1,general-gate2
2015-05-01 07:16:46,20155101065139-549,1,ranger-stop0
2015-05-01 07:19:51,20155101065139-549,1,ranger-stop2
2015-05-01 07:20:49,20152001072049-523,1,entrance3
2015-05-01 07:22:32,20155101065139-549,1,general-gate1
2015-05-01 07:25:34,20151701061719-611,1,general-gate1
2015-05-01 07:28:31,20151701061719-611,1,ranger-stop2
2015-05-01 07:31:58,20151701061719-611,1,ranger-stop0
2015-05-01 07:33:56,20155101065139-549,1,general-gate4
2015-05-01 07:35:36,20151701061719-611,1,general-gate2
2015-05-01 07:36:50,20153601073650-751,3,entrance2
2015-05-01 07:41:05,20155101065139-549,1,general-gate7
2015-05-01 07:41:38,20152001072049-523,1,general-gate1
2015-05-01 07:44:18,20152001072049-523,1,ranger-stop2
2015-05-01 07:47:23,20152001072049-523,1,ranger-stop0
2015-05-01 07:48:40,20151701061719-611,1,general-gate5
2015-05-01 07:50:38,20152001072049-523,1,general-gate2
2015-05-01 07:52:09,20155201075209-669,2P,ranger-base
2015-05-01 07:53:31,20155201075209-669,2P,gate8
2015-05-01 07:55:33,20153601073650-751,3,general-gate2
2015-05-01 07:58:35,20153601073650-751,3,ranger-stop0
2015-05-01 07:59:40,20155101065139-549,1,camping0
2015-05-01 08:00:02,20151701061719-611,1,entrance4
2015-05-01 08:01:26,20153601073650-751,3,ranger-stop2
2015-05-01 08:02:17,20155201075209-669,2P,general-gate5
2015-05-01 08:02:19,20152001072049-523,1,general-gate5
2015-05-01 08:03:53,20153601073650-751,3,general-gate1
2015-05-01 08:09:35,20155201075209-669,2P,gate3
2015-05-01 08:10:35,20151001081035-840,2,entrance4
2015-05-01 08:11:12,20155201075209-669,2P,ranger-stop3
2015-05-01 08:12:45,20152001072049-523,1,camping6
2015-05-01 08:12:50,20152001072049-523,1,camping6
2015-05-01 08:13:24,20151301081324-366,1,entrance1
2015-05-01 08:14:24,20153601073650-751,3,general-gate4
2015-05-01 08:18:14,20155201075209-669,2P,ranger-stop3
2015-05-01 08:19:47,20155201075209-669,2P,gate3
2015-05-01 08:20:35,20151001081035-840,2,general-gate5
2015-05-01 08:21:01,20153601073650-751,3,general-gate7
2015-05-01 08:21:56,20152101082156-552,1,entrance4
2015-05-01 08:23:13,20152001072049-523,1,general-gate5
2015-05-01 08:24:30,20155201075209-669,2P,camping8
2015-05-01 08:25:24,20155201075209-669,2P,general-gate3
2015-05-01 08:27:31,20152701082731-176,3,entrance2
2015-05-01 08:27:59,20152101082156-552,1,general-gate6
2015-05-01 08:28:35,20151301081324-366,1,general-gate7
2015-05-01 08:32:09,20151001081035-840,2,general-gate2
2015-05-01 08:34:55,20152001072049-523,1,general-gate2
2015-05-01 08:35:02,20155201075209-669,2P,gate4
2015-05-01 08:35:22,20151001081035-840,2,ranger-stop0
2015-05-01 08:36:05,20152101082156-552,1,camping7
2015-05-01 08:36:37,20155201075209-669,2P,ranger-stop5
2015-05-01 08:37:49,20153601073650-751,3,camping2
2015-05-01 08:38:10,20152001072049-523,1,ranger-stop0
2015-05-01 08:38:24,20151001081035-840,2,ranger-stop2
2015-05-01 08:41:03,20151001081035-840,2,general-gate1
2015-05-01 08:41:15,20152001072049-523,1,ranger-stop2
2015-05-01 08:43:54,20152001072049-523,1,general-gate1
2015-05-01 08:45:57,20151301081324-366,1,entrance3
2015-05-01 08:49:55,20152701082731-176,3,entrance4
2015-05-01 08:55:16,20152001072049-523,1,general-gate4
2015-05-01 09:01:41,20151001081035-840,2,entrance3
2015-05-01 09:02:24,20152001072049-523,1,general-gate7
2015-05-01 09:15:38,20152001072049-523,1,entrance1
2015-05-01 09:24:39,20155201075209-669,2P,ranger-stop5
2015-05-01 09:26:08,20155201075209-669,2P,gate4
2015-05-01 09:32:47,20155201075209-669,2P,gate5
2015-05-01 09:33:40,20155201075209-669,2P,ranger-stop6
2015-05-01 09:36:44,20153601093644-33,1,entrance0
2015-05-01 09:49:35,20153601093644-33,1,general-gate4
2015-05-01 09:51:42,20155201075209-669,2P,ranger-stop6
2015-05-01 09:52:30,20155201075209-669,2P,gate5
2015-05-01 09:52:59,20155201095259-137,1,entrance4
2015-05-01 09:56:48,20153601093644-33,1,general-gate7
2015-05-01 09:56:59,20155201075209-669,2P,gate8
2015-05-01 09:58:22,20155201075209-669,2P,ranger-base
2015-05-01 10:04:32,20155201095259-137,1,general-gate5
2015-05-01 10:10:49,20153601093644-33,1,camping3
2015-05-01 10:19:36,20155201095259-137,1,camping8
2015-05-01 10:32:00,20153201103200-582,2,entrance0
2015-05-01 10:35:20,20153501103520-243,1,entrance4
2015-05-01 10:36:32,20153601103632-930,3,entrance2
2015-05-01 10:44:16,20153201103200-582,2,general-gate4
2015-05-01 10:44:16,20154401104416-538,3,entrance4
2015-05-01 10:46:55,20153501103520-243,1,general-gate5
2015-05-01 10:51:10,20153201103200-582,2,general-gate7
2015-05-01 10:53:36,20154401104416-538,3,general-gate5
2015-05-01 10:56:23,20153601103632-930,3,general-gate2
2015-05-01 10:57:33,20155701105733-580,1,entrance3
2015-05-01 10:58:20,20155801105820-248,2,entrance2
2015-05-01 10:59:36,20153601103632-930,3,ranger-stop0
2015-05-01 11:00:02,20152901052958-57,1,camping6
2015-05-01 11:00:20,20153501103520-243,1,general-gate2
2015-05-01 11:02:37,20153601103632-930,3,ranger-stop2
2015-05-01 11:03:55,20153201103200-582,2,entrance1
2015-05-01 11:04:04,20153501103520-243,1,ranger-stop0
2015-05-01 11:04:23,20154401104416-538,3,general-gate2
2015-05-01 11:05:14,20153601103632-930,3,general-gate1
2015-05-01 11:06:46,20153601103632-930,3,entrance0
2015-05-01 11:07:22,20154401104416-538,3,ranger-stop0
2015-05-01 11:07:36,20153501103520-243,1,ranger-stop2
2015-05-01 11:10:12,20154401104416-538,3,ranger-stop2
2015-05-01 11:10:39,20153501103520-243,1,general-gate1
2015-05-01 11:10:56,20152901052958-57,1,general-gate5
2015-05-01 11:12:27,20153501103520-243,1,entrance0
2015-05-01 11:12:39,20154401104416-538,3,general-gate1
2015-05-01 11:13:03,20155701105733-580,1,general-gate7
2015-05-01 11:13:52,20151301111352-990,1,entrance0
2015-05-01 11:19:12,20155801105820-248,2,general-gate2
2015-05-01 11:22:33,20155801105820-248,2,ranger-stop0
2015-05-01 11:23:06,20154401104416-538,3,general-gate4
2015-05-01 11:23:15,20152901052958-57,1,general-gate2
2015-05-01 11:23:34,20155701105733-580,1,camping5
2015-05-01 11:25:44,20155801105820-248,2,ranger-stop2
2015-05-01 11:26:02,20151301111352-990,1,general-gate4
2015-05-01 11:26:41,20152901052958-57,1,ranger-stop0
2015-05-01 11:28:28,20155801105820-248,2,general-gate1
2015-05-01 11:29:40,20154401104416-538,3,general-gate7
2015-05-01 11:29:57,20152901052958-57,1,ranger-stop2
2015-05-01 11:32:44,20152901052958-57,1,general-gate1
2015-05-01 11:32:52,20151301111352-990,1,general-gate7
2015-05-01 11:40:10,20155801105820-248,2,general-gate4
2015-05-01 11:46:08,20151301111352-990,1,camping3
2015-05-01 11:46:12,20151301111352-990,1,camping3
2015-05-01 11:46:21,20154401104416-538,3,camping2
2015-05-01 11:47:32,20155801105820-248,2,general-gate7
2015-05-01 11:54:46,20152901052958-57,1,entrance3
2015-05-01 11:58:02,20155801105820-248,2,camping5
2015-05-01 11:59:22,20151301111352-990,1,general-gate7
2015-05-01 12:00:02,20152101082156-552,1,camping7
2015-05-01 12:08:03,20152101082156-552,1,general-gate6
2015-05-01 12:12:00,20152101082156-552,1,general-gate5
2015-05-01 12:13:47,20151301111352-990,1,entrance3
2015-05-01 12:22:59,20152101082156-552,1,general-gate2
2015-05-01 12:26:02,20152101082156-552,1,ranger-stop0
2015-05-01 12:28:56,20152101082156-552,1,ranger-stop2
2015-05-01 12:31:25,20152101082156-552,1,general-gate1
2015-05-01 12:32:53,20152101082156-552,1,entrance0
2015-05-01 13:24:01,20152401012401-945,1,entrance1
2015-05-01 13:25:46,20152501012546-952,1,entrance2
2015-05-01 13:25:57,20152501012557-10,2P,ranger-base
2015-05-01 13:27:19,20152501012557-10,2P,gate8
2015-05-01 13:36:06,20152401012401-945,1,general-gate7
2015-05-01 13:36:10,20152501012557-10,2P,general-gate5
2015-05-01 13:36:16,20153601013616-849,5,entrance1
2015-05-01 13:42:40,20152401012401-945,1,general-gate4
2015-05-01 13:43:38,20152501012546-952,1,general-gate2
2015-05-01 13:46:30,20152501012557-10,2P,general-gate2
2015-05-01 13:46:31,20152501012546-952,1,ranger-stop0
2015-05-01 13:49:16,20152501012546-952,1,ranger-stop2
2015-05-01 13:49:23,20152501012557-10,2P,ranger-stop0
2015-05-01 13:50:57,20153601013616-849,5,general-gate7
2015-05-01 13:51:36,20152501012546-952,1,general-gate1
2015-05-01 13:53:05,20152401012401-945,1,general-gate1
2015-05-01 13:55:32,20152401012401-945,1,ranger-stop2
2015-05-01 13:58:22,20152401012401-945,1,ranger-stop0
2015-05-01 14:01:22,20152401012401-945,1,general-gate2
2015-05-01 14:01:37,20152501012546-952,1,general-gate4
2015-05-01 14:07:25,20152501012557-10,2P,ranger-stop0
2015-05-01 14:07:44,20153601013616-849,5,entrance3
2015-05-01 14:07:56,20152501012546-952,1,general-gate7
2015-05-01 14:08:50,20150801020850-865,2P,ranger-base
2015-05-01 14:10:09,20152501012557-10,2P,ranger-stop2
2015-05-01 14:10:32,20150801020850-865,2P,gate8
2015-05-01 14:12:06,20152401012401-945,1,general-gate5
2015-05-01 14:12:29,20152501012557-10,2P,general-gate1
2015-05-01 14:20:10,20152501012546-952,1,camping3
2015-05-01 14:20:15,20152501012546-952,1,camping3
2015-05-01 14:21:27,20152401012401-945,1,entrance4
2015-05-01 14:21:44,20150801020850-865,2P,general-gate5
2015-05-01 14:22:30,20152501012557-10,2P,general-gate4
2015-05-01 14:28:49,20152501012557-10,2P,general-gate7
2015-05-01 14:32:25,20152501012546-952,1,general-gate7
2015-05-01 14:36:30,20150801020850-865,2P,camping8
2015-05-01 14:38:32,20150801020850-865,2P,camping8
2015-05-01 14:38:44,20152501012546-952,1,general-gate4
2015-05-01 14:40:03,20152501012557-10,2P,ranger-stop4
2015-05-01 14:48:44,20152501012546-952,1,general-gate1
2015-05-01 14:51:04,20152501012546-952,1,ranger-stop2
2015-05-01 14:53:13,20150801020850-865,2P,general-gate5
2015-05-01 14:53:49,20152501012546-952,1,ranger-stop0
2015-05-01 14:56:41,20152501012546-952,1,general-gate2
2015-05-01 14:58:52,20150801020850-865,2P,gate5
2015-05-01 15:00:00,20150801020850-865,2P,ranger-stop6
2015-05-01 15:07:01,20152501012546-952,1,general-gate5
2015-05-01 15:14:05,20152501012557-10,2P,ranger-stop4
2015-05-01 15:16:00,20152501012546-952,1,entrance4
2015-05-01 15:17:02,20150801020850-865,2P,ranger-stop6
2015-05-01 15:18:04,20150801020850-865,2P,gate5
2015-05-01 15:25:18,20152501012557-10,2P,general-gate7
2015-05-01 15:26:33,20150801020850-865,2P,gate4
2015-05-01 15:28:33,20150801020850-865,2P,ranger-stop5
2015-05-01 15:31:35,20152501012557-10,2P,general-gate4
2015-05-01 15:34:30,20153401033430-345,2P,ranger-base
2015-05-01 15:36:05,20153401033430-345,2P,gate8
2015-05-01 15:41:18,20153401033430-345,2P,gate5
2015-05-01 15:41:35,20152501012557-10,2P,general-gate1
2015-05-01 15:41:46,20154101034146-410,4,entrance4
2015-05-01 15:42:20,20153401033430-345,2P,ranger-stop6
2015-05-01 15:43:56,20152501012557-10,2P,ranger-stop2
2015-05-01 15:48:09,20154801034809-529,2,entrance2
2015-05-01 15:48:35,20150801020850-865,2P,ranger-stop5
2015-05-01 15:50:28,20150801020850-865,2P,gate4
2015-05-01 16:01:30,20154101034146-410,4,entrance2
2015-05-01 16:01:41,20150101040141-397,2,entrance2
2015-05-01 16:04:30,20150801020850-865,2P,gate8
2015-05-01 16:06:16,20150801020850-865,2P,ranger-base
2015-05-01 16:06:47,20154801034809-529,2,entrance4
2015-05-01 16:07:58,20152501012557-10,2P,ranger-stop2
2015-05-01 16:10:42,20152501012557-10,2P,ranger-stop0
2015-05-01 16:13:34,20152501012557-10,2P,general-gate2
2015-05-01 16:22:49,20150101040141-397,2,general-gate2
2015-05-01 16:23:54,20152501012557-10,2P,general-gate5
2015-05-01 16:26:13,20150101040141-397,2,ranger-stop0
2015-05-01 16:29:27,20150101040141-397,2,ranger-stop2
2015-05-01 16:32:14,20150101040141-397,2,general-gate1
2015-05-01 16:32:22,20153401033430-345,2P,ranger-stop6
2015-05-01 16:32:45,20152501012557-10,2P,gate8
2015-05-01 16:33:19,20153401033430-345,2P,gate5
2015-05-01 16:34:09,20152501012557-10,2P,ranger-base
2015-05-01 16:38:28,20153401033430-345,2P,general-gate5
2015-05-01 16:40:56,20154001044056-714,3,entrance2
2015-05-01 16:44:05,20150101040141-397,2,general-gate4
2015-05-01 16:50:27,20153401033430-345,2P,general-gate2
2015-05-01 16:51:34,20150101040141-397,2,general-gate7
2015-05-01 16:53:47,20153401033430-345,2P,ranger-stop0
2015-05-01 16:54:41,20155401045441-227,2,entrance4
2015-05-01 17:00:29,20154001044056-714,3,general-gate2
2015-05-01 17:03:38,20154001044056-714,3,ranger-stop0
2015-05-01 17:05:24,20150101040141-397,2,entrance1
2015-05-01 17:06:15,20155401045441-227,2,general-gate5
2015-05-01 17:06:36,20154001044056-714,3,ranger-stop2
2015-05-01 17:09:10,20154001044056-714,3,general-gate1
2015-05-01 17:19:36,20155401045441-227,2,general-gate2
2015-05-01 17:20:08,20154001044056-714,3,general-gate4
2015-05-01 17:20:49,20153401033430-345,2P,ranger-stop0
2015-05-01 17:23:18,20155401045441-227,2,ranger-stop0
2015-05-01 17:24:03,20153401033430-345,2P,general-gate2
2015-05-01 17:26:50,20155401045441-227,2,ranger-stop2
2015-05-01 17:27:02,20154001044056-714,3,general-gate7
2015-05-01 17:29:52,20155401045441-227,2,general-gate1
2015-05-01 17:36:01,20153401033430-345,2P,general-gate5
2015-05-01 17:42:46,20155401045441-227,2,general-gate4
2015-05-01 17:44:56,20154001044056-714,3,camping0
2015-05-01 17:46:15,20153401033430-345,2P,gate8
2015-05-01 17:47:52,20153401033430-345,2P,ranger-base
2015-05-01 17:50:55,20155401045441-227,2,general-gate7
2015-05-01 18:01:36,20150101060136-731,4,entrance4
2015-05-01 18:06:44,20155401045441-227,2,camping3
2015-05-01 18:10:33,20150101060136-731,4,general-gate5
2015-05-01 18:20:53,20150101060136-731,4,general-gate2
2015-05-01 18:23:46,20150101060136-731,4,ranger-stop0
2015-05-01 18:26:31,20150101060136-731,4,ranger-stop2
2015-05-01 18:28:51,20150101060136-731,4,general-gate1
2015-05-01 18:38:52,20150101060136-731,4,general-gate4
2015-05-01 18:45:11,20150101060136-731,4,general-gate7
2015-05-01 18:56:52,20150101060136-731,4,entrance1
2015-05-01 19:26:03,20152601072603-870,4,entrance4
2015-05-01 19:37:45,20152601072603-870,4,general-gate5
2015-05-01 19:51:16,20152601072603-870,4,general-gate2
2015-05-01 19:52:06,20155201075206-349,5,entrance4
2015-05-01 19:55:01,20152601072603-870,4,ranger-stop0
2015-05-01 19:58:35,20152601072603-870,4,ranger-stop2
2015-05-01 20:01:38,20152601072603-870,4,general-gate1
2015-05-01 20:09:49,20155201075206-349,5,entrance2
2015-05-01 20:25:43,20152601072603-870,4,entrance3
2015-05-01 23:43:06,20154301114306-910,1,entrance2
2015-05-02 00:02:22,20154301114306-910,1,general-gate2
2015-05-02 00:05:29,20154301114306-910,1,ranger-stop0
2015-05-02 00:08:25,20154301114306-910,1,ranger-stop2
2015-05-02 00:10:57,20154301114306-910,1,general-gate1
2015-05-02 00:13:34,20151302121334-985,1,entrance2
2015-05-02 00:21:44,20154301114306-910,1,general-gate4
2015-05-02 00:28:33,20154301114306-910,1,general-gate7
2015-05-02 00:32:26,20151302121334-985,1,general-gate2
2015-05-02 00:35:29,20151302121334-985,1,ranger-stop0
2015-05-02 00:38:21,20151302121334-985,1,ranger-stop2
2015-05-02 00:40:49,20151302121334-985,1,general-gate1
2015-05-02 00:41:10,20154301114306-910,1,entrance1
2015-05-02 00:42:17,20151302121334-985,1,entrance0
2015-05-02 02:55:44,20155502025544-979,3,entrance2
2015-05-02 03:16:05,20155502025544-979,3,general-gate2
2015-05-02 03:19:22,20155502025544-979,3,ranger-stop0
2015-05-02 03:22:28,20155502025544-979,3,ranger-stop2
2015-05-02 03:25:09,20155502025544-979,3,general-gate1
2015-05-02 03:36:36,20155502025544-979,3,general-gate4
2015-05-02 03:43:47,20155502025544-979,3,general-gate7
2015-05-02 03:57:07,20155502025544-979,3,entrance1
2015-05-02 04:05:12,20150502040512-565,1,entrance1
2015-05-02 04:17:27,20150502040512-565,1,general-gate7
2015-05-02 04:31:22,20150502040512-565,1,entrance3
2015-05-02 05:28:06,20152802052806-928,3,entrance4
2015-05-02 05:37:43,20152802052806-928,3,general-gate5
2015-05-02 05:48:52,20152802052806-928,3,general-gate2
2015-05-02 05:51:58,20152802052806-928,3,ranger-stop0
2015-05-02 05:54:54,20152802052806-928,3,ranger-stop2
2015-05-02 05:57:25,20152802052806-928,3,general-gate1
2015-05-02 06:08:12,20152802052806-928,3,general-gate4
2015-05-02 06:15:01,20152802052806-928,3,general-gate7
2015-05-02 06:21:00,20152102062100-389,2,entrance1
2015-05-02 06:28:14,20152802052806-928,3,camping3
2015-05-02 06:28:22,20152802052806-928,3,camping3
2015-05-02 06:34:42,20154401104416-538,3,camping2
2015-05-02 06:35:57,20152102062100-389,2,general-gate7
2015-05-02 06:41:29,20152802052806-928,3,general-gate7
2015-05-02 06:44:03,20152102062100-389,2,general-gate4
2015-05-02 06:51:18,20154401104416-538,3,general-gate7
2015-05-02 06:52:06,20155202065206-711,2P,ranger-base
2015-05-02 06:53:41,20155202065206-711,2P,gate8
2015-05-02 06:55:49,20152802052806-928,3,entrance3
2015-05-02 06:56:54,20152102062100-389,2,general-gate1
2015-05-02 06:57:52,20154401104416-538,3,general-gate4
2015-05-02 06:58:58,20155202065206-711,2P,gate5
2015-05-02 06:59:55,20152102062100-389,2,ranger-stop2
2015-05-02 07:00:00,20155202065206-711,2P,ranger-stop6
2015-05-02 07:01:07,20155202065206-711,2P,gate6
2015-05-02 07:03:24,20152102062100-389,2,ranger-stop0
2015-05-02 07:06:49,20150602070649-231,6,entrance3
2015-05-02 07:07:05,20152102062100-389,2,general-gate2
2015-05-02 07:09:35,20154401104416-538,3,entrance0
2015-05-02 07:10:35,20155101065139-549,1,camping0
2015-05-02 07:14:49,20151402071449-545,1,entrance0
2015-05-02 07:16:12,20151402071449-545,1,general-gate1
2015-05-02 07:16:21,20151602071621-654,5,entrance0
2015-05-02 07:18:07,20155202065206-711,2P,gate7
2015-05-02 07:18:39,20151402071449-545,1,ranger-stop2
2015-05-02 07:19:14,20155202065206-711,2P,ranger-stop7
2015-05-02 07:20:22,20152102062100-389,2,general-gate5
2015-05-02 07:21:29,20151402071449-545,1,ranger-stop0
2015-05-02 07:23:19,20150602070649-231,6,general-gate7
2015-05-02 07:24:28,20151402071449-545,1,general-gate2
2015-05-02 07:25:09,20152102062100-389,2,general-gate6
2015-05-02 07:28:55,20151602071621-654,5,general-gate4
2015-05-02 07:29:05,20155101065139-549,1,general-gate7
2015-05-02 07:34:58,20152102062100-389,2,camping7
2015-05-02 07:35:59,20151602071621-654,5,general-gate7
2015-05-02 07:36:15,20155101065139-549,1,general-gate4
2015-05-02 07:37:52,20150602070649-231,6,entrance1
2015-05-02 07:40:31,20154002074031-133,1,entrance1
2015-05-02 07:43:04,20151402071449-545,1,entrance2
2015-05-02 07:47:38,20155101065139-549,1,general-gate1
2015-05-02 07:49:02,20151602071621-654,5,entrance1
2015-05-02 07:49:16,20155202065206-711,2P,ranger-stop7
2015-05-02 07:50:18,20155101065139-549,1,ranger-stop2
2015-05-02 07:50:20,20155202065206-711,2P,gate7
2015-05-02 07:52:07,20155202075207-398,1,entrance4
2015-05-02 07:52:20,20154002074031-133,1,general-gate7
2015-05-02 07:53:23,20155101065139-549,1,ranger-stop0
2015-05-02 07:55:22,20155502075522-491,5,entrance2
2015-05-02 07:56:40,20155101065139-549,1,general-gate2
2015-05-02 07:58:44,20154002074031-133,1,general-gate4
2015-05-02 08:03:23,20155202075207-398,1,general-gate5
2015-05-02 08:07:18,20155202065206-711,2P,gate6
2015-05-02 08:08:26,20155202065206-711,2P,ranger-stop6
2015-05-02 08:08:54,20154002074031-133,1,general-gate1
2015-05-02 08:11:17,20154002074031-133,1,ranger-stop2
2015-05-02 08:12:32,20151202081232-209,5,entrance3
2015-05-02 08:13:11,20155502075522-491,5,entrance4
2015-05-02 08:14:02,20154002074031-133,1,ranger-stop0
2015-05-02 08:16:26,20155202075207-398,1,general-gate2
2015-05-02 08:16:56,20155101065139-549,1,entrance2
2015-05-02 08:16:57,20154002074031-133,1,general-gate2
2015-05-02 08:20:03,20155202075207-398,1,ranger-stop0
2015-05-02 08:23:30,20155202075207-398,1,ranger-stop2
2015-05-02 08:26:27,20155202075207-398,1,general-gate1
2015-05-02 08:27:26,20154002074031-133,1,general-gate5
2015-05-02 08:31:34,20151202081232-209,5,general-gate1
2015-05-02 08:34:00,20151202081232-209,5,ranger-stop2
2015-05-02 08:36:49,20151202081232-209,5,ranger-stop0
2015-05-02 08:36:49,20154002074031-133,1,camping6
2015-05-02 08:39:04,20155202075207-398,1,general-gate4
2015-05-02 08:39:48,20151202081232-209,5,general-gate2
2015-05-02 08:42:28,20155202065206-711,2P,ranger-stop6
2015-05-02 08:43:10,20154302084310-559,3,entrance3
2015-05-02 08:43:28,20155202065206-711,2P,gate5
2015-05-02 08:47:01,20155202075207-398,1,general-gate7
2015-05-02 08:47:58,20154702084758-168,1,entrance3
2015-05-02 08:48:45,20155202065206-711,2P,gate8
2015-05-02 08:50:23,20155202065206-711,2P,ranger-base
2015-05-02 08:50:30,20151202081232-209,5,general-gate5
2015-05-02 08:58:20,20155202075207-398,1,camping5
2015-05-02 08:58:29,20155202075207-398,1,camping5
2015-05-02 08:59:49,20151202081232-209,5,entrance4
2015-05-02 09:01:15,20154702084758-168,1,general-gate7
2015-05-02 09:02:41,20154302084310-559,3,general-gate1
2015-05-02 09:05:11,20154302084310-559,3,ranger-stop2
2015-05-02 09:05:41,20150502090541-904,3,entrance1
2015-05-02 09:08:04,20154302084310-559,3,ranger-stop0
2015-05-02 09:09:45,20155202075207-398,1,general-gate7
2015-05-02 09:10:14,20154702084758-168,1,camping5
2015-05-02 09:11:07,20154302084310-559,3,general-gate2
2015-05-02 09:17:16,20150502090541-904,3,general-gate7
2015-05-02 09:22:07,20154302084310-559,3,general-gate5
2015-05-02 09:23:32,20150502090541-904,3,general-gate4
2015-05-02 09:26:28,20155202075207-398,1,entrance3
2015-05-02 09:31:40,20154302084310-559,3,entrance4
2015-05-02 09:34:43,20150502090541-904,3,entrance0
2015-05-02 11:19:13,20151902111913-640,3,entrance3
2015-05-02 11:40:16,20151902111913-640,3,general-gate1
2015-05-02 11:40:29,20155401045441-227,2,camping3
2015-05-02 11:42:58,20151902111913-640,3,ranger-stop2
2015-05-02 11:46:05,20151902111913-640,3,ranger-stop0
2015-05-02 11:49:22,20151902111913-640,3,general-gate2
2015-05-02 11:56:10,20155401045441-227,2,general-gate7
2015-05-02 11:56:34,20155602115634-803,1,entrance4
2015-05-02 12:04:18,20155401045441-227,2,general-gate4
2015-05-02 12:07:27,20155602115634-803,1,general-gate5
2015-05-02 12:09:44,20151902111913-640,3,camping8
2015-05-02 12:17:14,20155401045441-227,2,general-gate1
2015-05-02 12:20:04,20155602115634-803,1,general-gate2
2015-05-02 12:20:15,20155401045441-227,2,ranger-stop2
2015-05-02 12:23:35,20155602115634-803,1,ranger-stop0
2015-05-02 12:23:46,20155401045441-227,2,ranger-stop0
2015-05-02 12:26:55,20155602115634-803,1,ranger-stop2
2015-05-02 12:27:28,20155401045441-227,2,general-gate2
2015-05-02 12:29:45,20155602115634-803,1,general-gate1
2015-05-02 12:40:48,20155401045441-227,2,general-gate5
2015-05-02 12:52:13,20155602115634-803,1,entrance3
2015-05-02 12:52:23,20155401045441-227,2,entrance4
2015-05-02 13:03:12,20150302010312-760,1,entrance1
2015-05-02 13:09:26,20150302010312-760,1,camping2
2015-05-02 13:09:34,20150302010312-760,1,camping2
2015-05-02 13:26:39,20152602012639-340,3,entrance0
2015-05-02 13:28:52,20150302010312-760,1,general-gate7
2015-05-02 13:30:28,20153002013028-298,3,entrance0
2015-05-02 13:40:49,20152602012639-340,3,general-gate4
2015-05-02 13:41:53,20153002013028-298,3,general-gate4
2015-05-02 13:44:56,20150302010312-760,1,entrance3
2015-05-02 13:48:18,20153002013028-298,3,general-gate7
2015-05-02 13:48:46,20152602012639-340,3,general-gate7
2015-05-02 13:57:14,20153002013028-298,3,camping4
2015-05-02 14:09:27,20152602012639-340,3,camping0
2015-05-02 14:12:30,20151202021230-956,2,entrance0
2015-05-02 14:25:01,20151202021230-956,2,general-gate4
2015-05-02 14:32:04,20151202021230-956,2,general-gate7
2015-05-02 14:36:47,20153602023647-120,2,entrance2
2015-05-02 14:41:51,20151202021230-956,2,camping4
2015-05-02 14:53:52,20155302025352-365,1,entrance0
2015-05-02 14:58:40,20153602023647-120,2,general-gate2
2015-05-02 15:02:11,20153602023647-120,2,ranger-stop0
2015-05-02 15:05:32,20153602023647-120,2,ranger-stop2
2015-05-02 15:07:33,20155302025352-365,1,general-gate4
2015-05-02 15:08:24,20153602023647-120,2,general-gate1
2015-05-02 15:15:13,20155302025352-365,1,general-gate7
2015-05-02 15:20:38,20153602023647-120,2,general-gate4
2015-05-02 15:28:21,20153602023647-120,2,general-gate7
2015-05-02 15:29:27,20155302025352-365,1,entrance1
2015-05-02 15:43:19,20153602023647-120,2,camping3
2015-05-02 16:20:15,20152002042015-193,3,entrance4
2015-05-02 16:30:14,20152002042015-193,3,general-gate5
2015-05-02 16:41:13,20154102044113-988,2P,ranger-base
2015-05-02 16:42:56,20154102044113-988,2P,gate8
2015-05-02 16:43:16,20152002042015-193,3,camping8
2015-05-02 16:46:12,20154602044612-82,2P,ranger-base
2015-05-02 16:47:33,20154602044612-82,2P,gate8
2015-05-02 16:48:25,20154802044825-624,3,entrance3
2015-05-02 16:48:36,20154102044113-988,2P,gate5
2015-05-02 16:49:43,20154102044113-988,2P,ranger-stop6
2015-05-02 16:50:55,20154102044113-988,2P,gate6
2015-05-02 16:56:18,20154602044612-82,2P,general-gate5
2015-05-02 17:06:31,20154602044612-82,2P,general-gate2
2015-05-02 17:06:47,20154802044825-624,3,general-gate1
2015-05-02 17:09:08,20154102044113-988,2P,gate7
2015-05-02 17:09:08,20154802044825-624,3,ranger-stop2
2015-05-02 17:09:22,20154602044612-82,2P,ranger-stop0
2015-05-02 17:10:19,20154102044113-988,2P,ranger-stop7
2015-05-02 17:11:53,20154802044825-624,3,ranger-stop0
2015-05-02 17:12:04,20154602044612-82,2P,ranger-stop2
2015-05-02 17:14:45,20154802044825-624,3,general-gate2
2015-05-02 17:25:05,20154802044825-624,3,general-gate5
2015-05-02 17:34:19,20154802044825-624,3,camping6
2015-05-02 17:34:25,20154802044825-624,3,camping6
2015-05-02 17:36:21,20154102044113-988,2P,ranger-stop7
2015-05-02 17:37:29,20154102044113-988,2P,gate7
2015-05-02 17:40:06,20154602044612-82,2P,ranger-stop2
2015-05-02 17:42:24,20154602044612-82,2P,general-gate1
2015-05-02 17:43:35,20154802044825-624,3,general-gate5
2015-05-02 17:52:18,20154602044612-82,2P,general-gate4
2015-05-02 17:53:55,20154802044825-624,3,general-gate2
2015-05-02 17:55:40,20154102044113-988,2P,gate6
2015-05-02 17:56:48,20154802044825-624,3,ranger-stop0
2015-05-02 17:56:53,20154102044113-988,2P,ranger-stop6
2015-05-02 17:57:58,20154102044113-988,2P,gate5
2015-05-02 17:59:33,20154802044825-624,3,ranger-stop2
2015-05-02 18:01:24,20154602044612-82,2P,gate7
2015-05-02 18:01:53,20154802044825-624,3,general-gate1
2015-05-02 18:02:20,20154602044612-82,2P,ranger-stop7
2015-05-02 18:03:22,20154602044612-82,2P,ranger-stop7
2015-05-02 18:03:34,20154102044113-988,2P,general-gate5
2015-05-02 18:04:16,20154602044612-82,2P,gate7
2015-05-02 18:12:11,20153601093644-33,1,camping3
2015-05-02 18:12:44,20154102044113-988,2P,gate3
2015-05-02 18:14:47,20154102044113-988,2P,ranger-stop3
2015-05-02 18:18:40,20154602044612-82,2P,gate6
2015-05-02 18:19:38,20154602044612-82,2P,ranger-stop6
2015-05-02 18:20:20,20154802044825-624,3,entrance3
2015-05-02 18:26:06,20153601093644-33,1,general-gate7
2015-05-02 18:33:19,20153601093644-33,1,general-gate4
2015-05-02 18:41:49,20154102044113-988,2P,ranger-stop3
2015-05-02 18:43:46,20154102044113-988,2P,gate3
2015-05-02 18:44:48,20153601093644-33,1,general-gate1
2015-05-02 18:47:30,20153601093644-33,1,ranger-stop2
2015-05-02 18:50:37,20153601093644-33,1,ranger-stop0
2015-05-02 18:52:57,20154102044113-988,2P,general-gate5
2015-05-02 18:53:54,20153601093644-33,1,general-gate2
2015-05-02 19:04:03,20154102044113-988,2P,gate8
2015-05-02 19:05:48,20154102044113-988,2P,ranger-base
2015-05-02 19:14:22,20153601093644-33,1,entrance2
2015-05-02 19:15:40,20154602044612-82,2P,ranger-stop6
2015-05-02 19:16:27,20151602071627-36,2,entrance0
2015-05-02 19:16:31,20154602044612-82,2P,gate5
2015-05-02 19:19:23,20151902071923-16,2,entrance2
2015-05-02 19:23:09,20154602044612-82,2P,gate4
2015-05-02 19:24:42,20154602044612-82,2P,ranger-stop5
2015-05-02 19:26:44,20154602044612-82,2P,ranger-stop5
2015-05-02 19:28:13,20154602044612-82,2P,gate4
2015-05-02 19:37:52,20154602044612-82,2P,general-gate3
2015-05-02 19:37:53,20151602071627-36,2,entrance3
2015-05-02 19:38:45,20154602044612-82,2P,camping8
2015-05-02 19:41:56,20151902071923-16,2,general-gate2
2015-05-02 19:43:27,20154602044612-82,2P,gate3
2015-05-02 19:45:04,20154602044612-82,2P,ranger-stop3
2015-05-02 19:45:34,20151902071923-16,2,ranger-stop0
2015-05-02 19:49:00,20151902071923-16,2,ranger-stop2
2015-05-02 19:50:06,20154602044612-82,2P,ranger-stop3
2015-05-02 19:51:39,20154602044612-82,2P,gate3
2015-05-02 19:51:57,20151902071923-16,2,general-gate1
2015-05-02 19:58:54,20154602044612-82,2P,general-gate5
2015-05-02 20:00:40,20150002080040-921,5,entrance4
2015-05-02 20:03:19,20154602044612-82,2P,gate5
2015-05-02 20:04:12,20154602044612-82,2P,ranger-stop6
2015-05-02 20:05:09,20154602044612-82,2P,gate6
2015-05-02 20:10:00,20150002080040-921,5,general-gate5
2015-05-02 20:15:13,20151902071923-16,2,entrance3
2015-05-02 20:16:44,20154602044612-82,2P,general-gate7
2015-05-02 20:20:47,20150002080040-921,5,general-gate2
2015-05-02 20:21:41,20152102082141-406,2,entrance4
2015-05-02 20:23:47,20150002080040-921,5,ranger-stop0
2015-05-02 20:26:36,20150002080040-921,5,ranger-stop2
2015-05-02 20:29:03,20150002080040-921,5,general-gate1
2015-05-02 20:29:35,20154602044612-82,2P,gate2
2015-05-02 20:30:21,20153002083021-292,5,entrance4
2015-05-02 20:33:57,20154602044612-82,2P,ranger-stop1
2015-05-02 20:40:06,20152102082141-406,2,entrance2
2015-05-02 20:48:16,20150002080040-921,5,entrance3
2015-05-02 20:52:46,20153002083021-292,5,entrance2
2015-05-02 21:12:59,20154602044612-82,2P,ranger-stop1
2015-05-02 21:17:16,20154602044612-82,2P,gate2
2015-05-02 21:30:08,20154602044612-82,2P,general-gate7
2015-05-02 21:41:15,20154602044612-82,2P,ranger-stop4
2015-05-02 21:53:17,20154602044612-82,2P,ranger-stop4
2015-05-02 22:04:22,20154602044612-82,2P,general-gate7
2015-05-02 22:10:35,20154602044612-82,2P,general-gate4
2015-05-02 22:20:30,20154602044612-82,2P,general-gate1
2015-05-02 22:22:49,20154602044612-82,2P,ranger-stop2
2015-05-02 22:25:32,20154602044612-82,2P,ranger-stop0
2015-05-02 22:49:34,20154602044612-82,2P,ranger-stop0
2015-05-02 22:52:24,20154602044612-82,2P,general-gate2
2015-05-02 23:02:36,20154602044612-82,2P,general-gate5
2015-05-02 23:08:52,20150802110852-346,2,entrance0
2015-05-02 23:11:20,20154602044612-82,2P,gate8
2015-05-02 23:12:43,20154602044612-82,2P,ranger-base
2015-05-02 23:22:45,20150802110852-346,2,general-gate4
2015-05-02 23:30:33,20150802110852-346,2,general-gate7
2015-05-02 23:45:01,20150802110852-346,2,entrance1
2015-05-03 00:10:25,20151003121025-950,1,entrance0
2015-05-03 00:12:01,20151003121025-950,1,general-gate1
2015-05-03 00:14:49,20151003121025-950,1,ranger-stop2
2015-05-03 00:17:20,20151703121720-618,2,entrance1
2015-05-03 00:18:06,20151003121025-950,1,ranger-stop0
2015-05-03 00:21:32,20151003121025-950,1,general-gate2
2015-05-03 00:31:35,20151703121720-618,2,general-gate7
2015-05-03 00:33:54,20151003121025-950,1,general-gate5
2015-05-03 00:44:39,20151003121025-950,1,entrance4
2015-05-03 00:47:51,20151703121720-618,2,entrance3
2015-05-03 01:25:02,20152503012502-560,2,entrance2
2015-05-03 01:43:48,20152503012502-560,2,general-gate2
2015-05-03 01:46:49,20152503012502-560,2,ranger-stop0
2015-05-03 01:49:40,20152503012502-560,2,ranger-stop2
2015-05-03 01:52:07,20152503012502-560,2,general-gate1
2015-05-03 01:53:34,20152503012502-560,2,entrance0
2015-05-03 02:09:28,20150903020928-497,2,entrance3
2015-05-03 02:33:45,20150903020928-497,2,entrance0
2015-05-03 04:40:05,20154003044005-17,2,entrance3
2015-05-03 04:59:48,20154003044005-17,2,general-gate1
2015-05-03 05:02:20,20154003044005-17,2,ranger-stop2
2015-05-03 05:05:14,20154003044005-17,2,ranger-stop0
2015-05-03 05:08:19,20154003044005-17,2,general-gate2
2015-05-03 05:27:31,20154003044005-17,2,entrance2
2015-05-03 05:50:49,20155003055049-24,3,entrance3
2015-05-03 05:54:43,20155403055443-412,2,entrance1
2015-05-03 05:57:59,20155703055759-583,3,entrance4
2015-05-03 06:03:11,20155801105820-248,2,camping5
2015-05-03 06:05:09,20155003055049-24,3,general-gate7
2015-05-03 06:08:19,20155403055443-412,2,general-gate7
2015-05-03 06:13:39,20155801105820-248,2,general-gate7
2015-05-03 06:14:25,20151403061425-243,2,entrance3
2015-05-03 06:15:41,20155403055443-412,2,general-gate4
2015-05-03 06:17:48,20155003055049-24,3,entrance1
2015-05-03 06:18:34,20155703055759-583,3,entrance2
2015-05-03 06:20:58,20155801105820-248,2,general-gate4
2015-05-03 06:27:25,20155403055443-412,2,general-gate1
2015-05-03 06:30:09,20155403055443-412,2,ranger-stop2
2015-05-03 06:31:39,20151403061425-243,2,general-gate7
2015-05-03 06:33:21,20155403055443-412,2,ranger-stop0
2015-05-03 06:34:07,20155801105820-248,2,entrance0
2015-05-03 06:36:43,20155403055443-412,2,general-gate2
2015-05-03 06:40:55,20154003064055-201,3,entrance4
2015-05-03 06:46:52,20151403061425-243,2,entrance1
2015-05-03 06:48:48,20155403055443-412,2,general-gate5
2015-05-03 06:51:57,20155103065157-254,5,entrance1
2015-05-03 06:58:23,20155803065823-477,3,entrance0
2015-05-03 06:58:36,20154003064055-201,3,entrance2
2015-05-03 06:59:18,20155403055443-412,2,entrance4
2015-05-03 07:04:48,20155103065157-254,5,general-gate7
2015-05-03 07:10:48,20155803065823-477,3,general-gate4
2015-05-03 07:17:47,20155803065823-477,3,general-gate7
2015-05-03 07:19:28,20155103065157-254,5,entrance3
2015-05-03 07:19:34,20151903071934-939,1,entrance1
2015-05-03 07:30:07,20151903071934-939,1,camping3
2015-05-03 07:30:42,20155803065823-477,3,entrance1
2015-05-03 07:36:14,20153603073614-148,1,entrance1
2015-05-03 07:40:50,20154003074050-280,1,entrance2
2015-05-03 07:47:48,20153603073614-148,1,general-gate7
2015-05-03 07:56:43,20153603073614-148,1,camping5
2015-05-03 08:02:27,20154003074050-280,1,general-gate2
2015-05-03 08:05:56,20154003074050-280,1,ranger-stop0
2015-05-03 08:09:14,20154003074050-280,1,ranger-stop2
2015-05-03 08:09:15,20150903080915-957,2,entrance2
2015-05-03 08:12:05,20154003074050-280,1,general-gate1
2015-05-03 08:24:12,20154003074050-280,1,general-gate4
2015-05-03 08:29:22,20150903080915-957,2,general-gate2
2015-05-03 08:31:50,20154003074050-280,1,general-gate7
2015-05-03 08:32:37,20150903080915-957,2,ranger-stop0
2015-05-03 08:35:41,20150903080915-957,2,ranger-stop2
2015-05-03 08:38:19,20150903080915-957,2,general-gate1
2015-05-03 08:43:22,20154303084322-126,1,entrance2
2015-05-03 08:51:39,20154003074050-280,1,camping0
2015-05-03 08:59:07,20150903080915-957,2,entrance3
2015-05-03 09:02:33,20154303084322-126,1,general-gate2
2015-05-03 09:05:39,20154303084322-126,1,ranger-stop0
2015-05-03 09:08:34,20154303084322-126,1,ranger-stop2
2015-05-03 09:11:05,20154303084322-126,1,general-gate1
2015-05-03 09:12:35,20154303084322-126,1,entrance0
2015-05-03 09:15:45,20151503091545-22,1,entrance2
2015-05-03 09:21:15,20151503091545-22,1,general-gate3
2015-05-03 09:22:09,20151503091545-22,1,camping8
2015-05-03 10:03:43,20150303100343-74,2P,ranger-base
2015-05-03 10:05:27,20150303100343-74,2P,gate8
2015-05-03 10:11:15,20150303100343-74,2P,gate5
2015-05-03 10:12:24,20150303100343-74,2P,ranger-stop6
2015-05-03 10:13:37,20150303100343-74,2P,gate6
2015-05-03 10:28:34,20150303100343-74,2P,general-gate7
2015-05-03 10:32:00,20153203103200-611,2P,ranger-base
2015-05-03 10:33:20,20153203103200-611,2P,gate8
2015-05-03 10:37:02,20153703103702-660,1,entrance0
2015-05-03 10:37:51,20153203103200-611,2P,gate5
2015-05-03 10:38:45,20153203103200-611,2P,ranger-stop6
2015-05-03 10:39:18,20153903103918-43,2,entrance3
2015-05-03 10:43:00,20150303100343-74,2P,ranger-stop4
2015-05-03 10:53:27,20155303105327-375,4,entrance1
2015-05-03 10:54:08,20153903103918-43,2,general-gate7
2015-05-03 10:57:01,20153002013028-298,3,camping4
2015-05-03 10:58:47,20153203103200-611,2P,ranger-stop6
2015-05-03 10:58:58,20155803105858-900,2,entrance0
2015-05-03 10:59:24,20153703103702-660,1,entrance3
2015-05-03 10:59:36,20153203103200-611,2P,gate5
2015-05-03 11:03:30,20153002013028-298,3,entrance1
2015-05-03 11:05:02,20150303100343-74,2P,ranger-stop4
2015-05-03 11:06:18,20153203103200-611,2P,gate4
2015-05-03 11:07:09,20155303105327-375,4,general-gate7
2015-05-03 11:07:36,20150703110736-237,1,entrance0
2015-05-03 11:07:53,20153203103200-611,2P,ranger-stop5
2015-05-03 11:09:16,20150303100343-74,2P,camping5
2015-05-03 11:11:58,20155803105858-900,2,general-gate4
2015-05-03 11:12:06,20153903103918-43,2,camping2
2015-05-03 11:12:10,20153903103918-43,2,camping2
2015-05-03 11:14:35,20155303105327-375,4,general-gate4
2015-05-03 11:17:55,20153903103918-43,2,entrance1
2015-05-03 11:19:03,20150703110736-237,1,general-gate4
2015-05-03 11:19:14,20155803105858-900,2,general-gate7
2015-05-03 11:25:30,20150703110736-237,1,general-gate7
2015-05-03 11:27:53,20155303105327-375,4,entrance0
2015-05-03 11:29:55,20153203103200-611,2P,ranger-stop5
2015-05-03 11:31:25,20153203103200-611,2P,gate4
2015-05-03 11:34:40,20150703110736-237,1,camping5
2015-05-03 11:37:44,20155803105858-900,2,camping2
2015-05-03 11:41:12,20153203103200-611,2P,general-gate3
2015-05-03 11:41:18,20150303100343-74,2P,camping5
2015-05-03 11:42:05,20153203103200-611,2P,camping8
2015-05-03 11:46:51,20153203103200-611,2P,gate3
2015-05-03 11:48:29,20153203103200-611,2P,ranger-stop3
2015-05-03 11:52:46,20150303100343-74,2P,general-gate7
2015-05-03 12:00:49,20150303100343-74,2P,general-gate4
2015-05-03 12:12:31,20153203103200-611,2P,ranger-stop3
2015-05-03 12:13:39,20150303100343-74,2P,general-gate1
2015-05-03 12:14:05,20153203103200-611,2P,gate3
2015-05-03 12:16:39,20150303100343-74,2P,ranger-stop2
2015-05-03 12:18:17,20151803121817-229,1,entrance4
2015-05-03 12:20:09,20150303100343-74,2P,ranger-stop0
2015-05-03 12:21:24,20153203103200-611,2P,general-gate5
2015-05-03 12:28:23,20151803121817-229,1,general-gate5
2015-05-03 12:30:14,20153203103200-611,2P,gate8
2015-05-03 12:31:38,20153203103200-611,2P,ranger-base
2015-05-03 12:40:01,20151803121817-229,1,general-gate2
2015-05-03 12:43:16,20151803121817-229,1,ranger-stop0
2015-05-03 12:46:20,20151803121817-229,1,ranger-stop2
2015-05-03 12:48:58,20151803121817-229,1,general-gate1
2015-05-03 13:00:18,20151803121817-229,1,general-gate4
2015-05-03 13:07:25,20151803121817-229,1,general-gate7
2015-05-03 13:14:11,20150303100343-74,2P,ranger-stop0
2015-05-03 13:17:34,20150303100343-74,2P,ranger-stop2
2015-05-03 13:20:34,20151803121817-229,1,entrance1
2015-05-03 13:20:35,20150303100343-74,2P,general-gate1
2015-05-03 13:33:25,20150303100343-74,2P,general-gate4
2015-05-03 13:45:12,20150303100343-74,2P,gate7
2015-05-03 13:46:25,20150303100343-74,2P,ranger-stop7
2015-05-03 13:55:27,20150303100343-74,2P,ranger-stop7
2015-05-03 13:56:37,20150303100343-74,2P,gate7
2015-05-03 14:04:16,20150403020416-490,1,entrance3
2015-05-03 14:15:12,20150303100343-74,2P,gate6
2015-05-03 14:16:27,20150303100343-74,2P,ranger-stop6
2015-05-03 14:17:34,20150303100343-74,2P,gate5
2015-05-03 14:19:16,20150403020416-490,1,general-gate7
2015-05-03 14:23:21,20150303100343-74,2P,gate8
2015-05-03 14:25:08,20150303100343-74,2P,ranger-base
2015-05-03 14:29:29,20150403020416-490,1,camping5
2015-05-03 14:29:32,20150403020416-490,1,camping5
2015-05-03 14:30:54,20153003023054-91,3,entrance4
2015-05-03 14:36:42,20152002042015-193,3,camping8
2015-05-03 14:39:42,20150403020416-490,1,general-gate7
2015-05-03 14:41:01,20153003023054-91,3,general-gate5
2015-05-03 14:46:48,20150403020416-490,1,general-gate4
2015-05-03 14:52:40,20153003023054-91,3,general-gate2
2015-05-03 14:55:55,20153003023054-91,3,ranger-stop0
2015-05-03 14:56:30,20152002042015-193,3,general-gate2
2015-05-03 14:58:11,20150403020416-490,1,general-gate1
2015-05-03 14:58:59,20153003023054-91,3,ranger-stop2
2015-05-03 14:59:43,20152002042015-193,3,ranger-stop0
2015-05-03 15:00:51,20150403020416-490,1,ranger-stop2
2015-05-03 15:01:38,20153003023054-91,3,general-gate1
2015-05-03 15:02:45,20152002042015-193,3,ranger-stop2
2015-05-03 15:03:56,20150403020416-490,1,ranger-stop0
2015-05-03 15:05:22,20152002042015-193,3,general-gate1
2015-05-03 15:07:12,20150403020416-490,1,general-gate2
2015-05-03 15:12:58,20153003023054-91,3,general-gate4
2015-05-03 15:16:33,20152002042015-193,3,general-gate4
2015-05-03 15:18:54,20150403020416-490,1,general-gate5
2015-05-03 15:20:05,20153003023054-91,3,general-gate7
2015-05-03 15:23:36,20152002042015-193,3,general-gate7
2015-05-03 15:25:27,20152503032527-873,1,entrance2
2015-05-03 15:29:05,20150403020416-490,1,entrance4
2015-05-03 15:31:57,20153103033157-551,4,entrance3
2015-05-03 15:32:46,20153203033246-681,1,entrance0
2015-05-03 15:32:55,20153203033255-977,1,entrance3
2015-05-03 15:36:38,20152002042015-193,3,entrance1
2015-05-03 15:38:32,20153003023054-91,3,camping0
2015-05-03 15:45:55,20152503032527-873,1,general-gate2
2015-05-03 15:46:30,20153203033255-977,1,general-gate7
2015-05-03 15:46:40,20153203033246-681,1,general-gate4
2015-05-03 15:49:13,20152503032527-873,1,ranger-stop0
2015-05-03 15:50:17,20155003035017-260,1,entrance0
2015-05-03 15:51:16,20155103035116-592,1,entrance3
2015-05-03 15:52:20,20152503032527-873,1,ranger-stop2
2015-05-03 15:54:28,20153103033157-551,4,entrance0
2015-05-03 15:54:28,20153203033246-681,1,general-gate7
2015-05-03 15:55:02,20152503032527-873,1,general-gate1
2015-05-03 15:55:27,20153203033255-977,1,camping4
2015-05-03 15:58:51,20155803035851-140,3,entrance4
2015-05-03 16:01:22,20155803035851-140,3,camping6
2015-05-03 16:01:30,20155803035851-140,3,camping6
2015-05-03 16:03:49,20155003035017-260,1,general-gate4
2015-05-03 16:06:31,20152503032527-873,1,general-gate4
2015-05-03 16:08:22,20155103035116-592,1,general-gate7
2015-05-03 16:11:24,20155003035017-260,1,general-gate7
2015-05-03 16:12:31,20155803035851-140,3,general-gate5
2015-05-03 16:13:45,20152503032527-873,1,general-gate7
2015-05-03 16:14:47,20153203033246-681,1,camping0
2015-05-03 16:19:40,20155103035116-592,1,camping4
2015-05-03 16:22:14,20155003035017-260,1,camping5
2015-05-03 16:24:56,20155803035851-140,3,general-gate2
2015-05-03 16:28:24,20155803035851-140,3,ranger-stop0
2015-05-03 16:31:41,20155803035851-140,3,ranger-stop2
2015-05-03 16:32:31,20152503032527-873,1,camping0
2015-05-03 16:34:30,20155803035851-140,3,general-gate1
2015-05-03 16:46:32,20155803035851-140,3,general-gate4
2015-05-03 16:54:08,20155803035851-140,3,general-gate7
2015-05-03 17:08:12,20155803035851-140,3,entrance1
2015-05-03 17:08:29,20150803050829-770,2P,ranger-base
2015-05-03 17:10:14,20150803050829-770,2P,gate8
2015-05-03 17:11:05,20151103051105-693,5,entrance3
2015-05-03 17:21:40,20150803050829-770,2P,general-gate5
2015-05-03 17:27:21,20151103051105-693,5,general-gate7
2015-05-03 17:31:08,20150803050829-770,2P,gate3
2015-05-03 17:33:15,20150803050829-770,2P,ranger-stop3
2015-05-03 17:41:42,20151103051105-693,5,entrance1
2015-05-03 17:48:07,20154803054807-805,1,entrance4
2015-05-03 17:54:31,20155403055431-257,3,entrance3
2015-05-03 17:59:06,20154803054807-805,1,general-gate5
2015-05-03 18:11:50,20154803054807-805,1,general-gate2
2015-05-03 18:13:24,20155403055431-257,3,general-gate1
2015-05-03 18:15:21,20154803054807-805,1,ranger-stop0
2015-05-03 18:15:49,20155403055431-257,3,ranger-stop2
2015-05-03 18:18:36,20155403055431-257,3,ranger-stop0
2015-05-03 18:18:42,20154803054807-805,1,ranger-stop2
2015-05-03 18:21:33,20155403055431-257,3,general-gate2
2015-05-03 18:21:34,20154803054807-805,1,general-gate1
2015-05-03 18:30:17,20150803050829-770,2P,ranger-stop3
2015-05-03 18:32:11,20155403055431-257,3,general-gate5
2015-05-03 18:32:17,20150803050829-770,2P,gate3
2015-05-03 18:36:02,20155403055431-257,3,general-gate6
2015-05-03 18:41:47,20150803050829-770,2P,general-gate5
2015-05-03 18:43:53,20155403055431-257,3,camping7
2015-05-03 18:44:15,20154803054807-805,1,entrance3
2015-05-03 18:47:33,20150803050829-770,2P,gate5
2015-05-03 18:48:13,20154803064813-28,1,entrance1
2015-05-03 18:48:43,20150803050829-770,2P,ranger-stop6
2015-05-03 18:49:57,20150803050829-770,2P,gate6
2015-05-03 18:52:09,20155203065209-82,2,entrance0
2015-05-03 18:53:49,20155203065209-82,2,general-gate1
2015-05-03 18:56:46,20155203065209-82,2,ranger-stop2
2015-05-03 19:00:11,20155203065209-82,2,ranger-stop0
2015-05-03 19:00:15,20154803064813-28,1,general-gate7
2015-05-03 19:03:47,20155203065209-82,2,general-gate2
2015-05-03 19:06:46,20154803064813-28,1,general-gate4
2015-05-03 19:08:43,20150803050829-770,2P,gate7
2015-05-03 19:09:57,20150803050829-770,2P,ranger-stop7
2015-05-03 19:16:45,20155203065209-82,2,general-gate5
2015-05-03 19:17:07,20154803064813-28,1,general-gate1
2015-05-03 19:18:59,20150803050829-770,2P,ranger-stop7
2015-05-03 19:19:33,20154803064813-28,1,ranger-stop2
2015-05-03 19:20:09,20150803050829-770,2P,gate7
2015-05-03 19:22:22,20154803064813-28,1,ranger-stop0
2015-05-03 19:25:21,20154803064813-28,1,general-gate2
2015-05-03 19:28:00,20155203065209-82,2,entrance4
2015-05-03 19:36:04,20154803064813-28,1,general-gate5
2015-05-03 19:38:53,20150803050829-770,2P,gate6
2015-05-03 19:40:08,20150803050829-770,2P,ranger-stop6
2015-05-03 19:41:16,20150803050829-770,2P,gate5
2015-05-03 19:45:23,20154803064813-28,1,entrance4
2015-05-03 19:47:06,20150803050829-770,2P,gate8
2015-05-03 19:48:55,20150803050829-770,2P,ranger-base
2015-05-03 20:12:48,20151203081248-820,4,entrance2
2015-05-03 20:28:05,20152803082805-619,4,entrance4
2015-05-03 20:32:54,20151203081248-820,4,general-gate2
2015-05-03 20:36:09,20151203081248-820,4,ranger-stop0
2015-05-03 20:38:01,20152803082805-619,4,general-gate5
2015-05-03 20:39:13,20151203081248-820,4,ranger-stop2
2015-05-03 20:41:51,20151203081248-820,4,general-gate1
2015-05-03 20:43:25,20151203081248-820,4,entrance0
2015-05-03 20:44:10,20154403084410-270,3,entrance4
2015-05-03 20:49:31,20152803082805-619,4,general-gate2
2015-05-03 20:52:44,20152803082805-619,4,ranger-stop0
2015-05-03 20:55:46,20152803082805-619,4,ranger-stop2
2015-05-03 20:58:23,20152803082805-619,4,general-gate1
2015-05-03 20:59:55,20152803082805-619,4,entrance0
2015-05-03 21:03:14,20154403084410-270,3,entrance2
2015-05-03 23:59:57,20155903115957-556,2,entrance0
2015-05-04 00:24:50,20155903115957-556,2,entrance3
2015-05-04 02:17:45,20151704021745-210,1,entrance3
2015-05-04 02:37:50,20153704023750-346,6,entrance1
2015-05-04 02:41:55,20151704021745-210,1,entrance0
2015-05-04 02:49:30,20153704023750-346,6,general-gate7
2015-05-04 02:55:49,20153704023750-346,6,general-gate4
2015-05-04 03:05:49,20153704023750-346,6,general-gate1
2015-05-04 03:08:10,20153704023750-346,6,ranger-stop2
2015-05-04 03:10:55,20153704023750-346,6,ranger-stop0
2015-05-04 03:13:47,20153704023750-346,6,general-gate2
2015-05-04 03:31:42,20153704023750-346,6,entrance2
2015-05-04 05:48:51,20154804054851-733,3,entrance1
2015-05-04 06:00:38,20154804054851-733,3,general-gate7
2015-05-04 06:07:01,20154804054851-733,3,general-gate4
2015-05-04 06:07:47,20150704060747-94,1,entrance3
2015-05-04 06:18:26,20154804054851-733,3,entrance0
2015-05-04 06:30:18,20150704060747-94,1,entrance0
2015-05-04 07:08:50,20150804070850-234,6,entrance0
2015-05-04 07:10:26,20150804070850-234,6,general-gate1
2015-05-04 07:13:14,20150804070850-234,6,ranger-stop2
2015-05-04 07:16:31,20150804070850-234,6,ranger-stop0
2015-05-04 07:19:57,20150804070850-234,6,general-gate2
2015-05-04 07:21:25,20152104072125-25,1,entrance0
2015-05-04 07:34:36,20153404073436-211,1,entrance2
2015-05-04 07:34:51,20152104072125-25,1,general-gate4
2015-05-04 07:41:21,20150804070850-234,6,entrance2
2015-05-04 07:42:25,20152104072125-25,1,general-gate7
2015-05-04 07:53:53,20155304075353-452,3,entrance4
2015-05-04 07:55:55,20153404073436-211,1,general-gate2
2015-05-04 07:56:24,20152104072125-25,1,entrance1
2015-05-04 07:59:21,20153404073436-211,1,ranger-stop0
2015-05-04 08:02:37,20153404073436-211,1,ranger-stop2
2015-05-04 08:04:37,20155304075353-452,3,general-gate5
2015-05-04 08:05:25,20153404073436-211,1,general-gate1
2015-05-04 08:07:05,20153404073436-211,1,entrance0
2015-05-04 08:17:01,20155304075353-452,3,general-gate2
2015-05-04 08:20:29,20155304075353-452,3,ranger-stop0
2015-05-04 08:23:45,20155304075353-452,3,ranger-stop2
2015-05-04 08:26:34,20155304075353-452,3,general-gate1
2015-05-04 08:38:35,20155304075353-452,3,general-gate4
2015-05-04 08:46:09,20155304075353-452,3,general-gate7
2015-05-04 09:00:51,20155304075353-452,3,camping3
2015-05-04 09:00:56,20155304075353-452,3,camping3
2015-05-04 09:13:19,20151304091319-319,1,entrance1
2015-05-04 09:15:33,20155304075353-452,3,general-gate7
2015-05-04 09:23:08,20155304075353-452,3,general-gate4
2015-05-04 09:25:21,20151304091319-319,1,general-gate7
2015-05-04 09:35:10,20155304075353-452,3,general-gate1
2015-05-04 09:37:59,20155304075353-452,3,ranger-stop2
2015-05-04 09:39:08,20151304091319-319,1,entrance3
2015-05-04 09:41:15,20155304075353-452,3,ranger-stop0
2015-05-04 09:44:42,20155304075353-452,3,general-gate2
2015-05-04 10:06:13,20155304075353-452,3,entrance2
2015-05-04 10:29:29,20152904102929-831,2P,ranger-base
2015-05-04 10:30:51,20152904102929-831,2P,gate8
2015-05-04 10:35:46,20153504103546-744,2P,ranger-base
2015-05-04 10:37:21,20153504103546-744,2P,gate8
2015-05-04 10:39:41,20152904102929-831,2P,general-gate5
2015-05-04 10:47:01,20152904102929-831,2P,gate3
2015-05-04 10:47:34,20153504103546-744,2P,general-gate5
2015-05-04 10:48:39,20152904102929-831,2P,ranger-stop3
2015-05-04 10:56:04,20153504103546-744,2P,gate3
2015-05-04 10:57:58,20153504103546-744,2P,ranger-stop3
2015-05-04 10:59:41,20152904102929-831,2P,ranger-stop3
2015-05-04 11:01:15,20152904102929-831,2P,gate3
2015-05-04 11:06:01,20152904102929-831,2P,camping8
2015-05-04 11:06:55,20152904102929-831,2P,general-gate3
2015-05-04 11:16:39,20152904102929-831,2P,gate4
2015-05-04 11:18:15,20152904102929-831,2P,ranger-stop5
2015-05-04 11:22:00,20153504103546-744,2P,ranger-stop3
2015-05-04 11:23:49,20153504103546-744,2P,gate3
2015-05-04 11:32:17,20153504103546-744,2P,general-gate5
2015-05-04 11:36:10,20153604113610-711,3,entrance1
2015-05-04 11:37:28,20153504103546-744,2P,gate5
2015-05-04 11:38:31,20153504103546-744,2P,ranger-stop6
2015-05-04 11:39:37,20153504103546-744,2P,gate6
2015-05-04 11:49:10,20153604113610-711,3,general-gate7
2015-05-04 11:53:51,20155304115351-36,2,entrance2
2015-05-04 11:56:14,20153604113610-711,3,general-gate4
2015-05-04 11:56:29,20153504103546-744,2P,gate7
2015-05-04 11:57:35,20153504103546-744,2P,ranger-stop7
2015-05-04 12:07:28,20153604113610-711,3,general-gate1
2015-05-04 12:10:07,20153604113610-711,3,ranger-stop2
2015-05-04 12:11:17,20152904102929-831,2P,ranger-stop5